Title,Company,Location,URL
Full-Stack JavaScript Developer (React + Node.js; Typescript),RemoteMore,Americas Only/Europe Only/Africa Only,https://weworkremotely.com//remote-jobs/remotemore-full-stack-javascript-developer-react-node-js-typescript
Senior React Native Developer: Long-term job - 100% remote,Proxify AB,Latin America Only/Europe Only/EMEA Only,https://weworkremotely.com//remote-jobs/proxify-ab-senior-react-native-developer-long-term-job-100-remote
Senior Open Source Developer & DevOps (Python  Django  React  AWS/OpenStack),OpenCraft,Anywhere in the World,https://weworkremotely.com//remote-jobs/opencraft-senior-open-source-developer-devops-python-django-react-aws-openstack
React Developer,TempMee,Anywhere in the World,https://weworkremotely.com//remote-jobs/tempmee-react-developer
Senior Software Engineer,LoanCrate,ğŸŒ Worldwide,https://remoteok.com/remote-jobs/remote-senior-software-engineer-loancrate-350758
Fullstack developer senior,CloudDevs,ğŸ’ƒ Latin America / ğŸ‡ªğŸ‡º Europe / â›© Asia / ğŸ•Œ Middle East,https://remoteok.com/remote-jobs/remote-fullstack-developer-senior-clouddevs-340913
Full Stack Software Engineer,Rephonic,ğŸŒ Worldwide / ğŸ’° $70k - $80k / â° Part time,https://remoteok.com/remote-jobs/remote-full-stack-software-engineer-rephonic-400410
Frontend Engineering Manager,Close,ğŸ‡ºğŸ‡¸ United States,https://remoteok.com/remote-jobs/remote-frontend-engineering-manager-close-219062
Senior React PHP Developer,Lemon.io,ğŸ‡ªğŸ‡º Europe / ğŸ’ƒ Latin America / ğŸ‡¨ğŸ‡¦ Canada / ğŸ‡ºğŸ‡¦ Ukraine / ğŸ‡¬ğŸ‡§ United Kingdom,https://remoteok.com/remote-jobs/remote-senior-react-php-developer-lemon-io-380768
Software Developer,White Sand,ğŸŒ Worldwide,https://remoteok.com/remote-jobs/remote-software-developer-white-sand-107109
Front End Engineer,MultiversX,Europe,https://remoteok.com/remote-jobs/remote-front-end-engineer-multiversx-238927
Software Engineer,Thirdwave,San Francisco  CA,https://remoteok.com/remote-jobs/remote-software-engineer-thirdwave-234881
Senior QA & DevOps Engineer,Premia,,https://remoteok.com/remote-jobs/remote-senior-qa-devops-engineer-premia-201650
Primum Full Stack Developer,Stealth Ventures at Redesign Health,ğŸ‡ºğŸ‡¸ United States,https://remoteok.com/remote-jobs/remote-primum-full-stack-developer-stealth-ventures-at-redesign-health-171550
Associate Frontend Engineer,RVO Health,ğŸŒ Probably worldwide,https://remoteok.com/remote-jobs/remote-associate-frontend-engineer-rvo-health-169738
BI and Data Analyst,OakNorth,ğŸ‡¬ğŸ‡§ United Kingdom,https://remoteok.com/remote-jobs/remote-bi-and-data-analyst-oaknorth-167498
Frontend Engineer,Butternut Box,ğŸ‡¬ğŸ‡§ United Kingdom,https://remoteok.com/remote-jobs/remote-frontend-engineer-butternut-box-165152
Senior Software Engineer Activation & Engagement,Loom  Inc.,ğŸ‡ºğŸ‡¸ United States,https://remoteok.com/remote-jobs/remote-senior-software-engineer-activation-engagement-loom-inc-157571
Senior Product Designer,Thirty Madison,ğŸ‡ºğŸ‡¸ United States,https://remoteok.com/remote-jobs/remote-senior-product-designer-thirty-madison-156370
Technical Project Manager Senior,CareRev,ğŸ‡ºğŸ‡¸ United States,https://remoteok.com/remote-jobs/remote-technical-project-manager-senior-carerev-146153
Senior Software Engineer Backend,Stord,ğŸ‡ºğŸ‡¸ United States,https://remoteok.com/remote-jobs/remote-senior-software-engineer-backend-stord-146149
Software Engineer Front End,BambooHR,ğŸ‡ºğŸ‡¸ United States,https://remoteok.com/remote-jobs/remote-software-engineer-front-end-bamboohr-145644
Senior QA Engineer_Mobile,BrightInsight,ğŸ‡®ğŸ‡³ India,https://remoteok.com/remote-jobs/remote-senior-qa-engineer-mobile-brightinsight-143164
Senior Full Stack Software Engineer US,Seamless.AI,ğŸ‡ºğŸ‡¸ United States,https://remoteok.com/remote-jobs/remote-senior-full-stack-software-engineer-us-seamless-ai-142649
